{
  "solver": "adam",
  "acc_test": 0.78375,
  "n_in": 16,
  "n_hid": 32,
  "n_out": 5,
  "feature_mean": [
    -0.04379992187023163,
    -0.024644754827022552,
    -0.3862449824810028,
    -0.43694955110549927,
    -0.009462308138608932,
    -0.0059477281756699085,
    0.35689258575439453,
    0.23081660270690918,
    0.5955852270126343,
    0.19903327524662018,
    -0.3878808319568634,
    -0.08408556878566742,
    0.032087843865156174,
    -0.5965591073036194,
    0.022954048588871956,
    0.20102454721927643
  ],
  "feature_scale": [
    2.175705909729004,
    2.3665201663970947,
    2.2628302574157715,
    2.099668264389038,
    1.0009139776229858,
    1.0087640285491943,
    2.3615283966064453,
    2.2381603717803955,
    2.130976915359497,
    2.2601277828216553,
    2.207688331604004,
    2.2060439586639404,
    1.0145665407180786,
    2.263580322265625,
    1.0075414180755615,
    2.2334773540496826
  ]
}